<?xml version="1.0" encoding="UTF-8"?>
<!DOCTYPE suite SYSTEM "http://testng.org/testng-1.0.dtd">
<suite name="BrowserSuite" parallel="tests" thread-count="3">
    <test name="ChromeTest">
        <parameter name="browser" value="chrome"/>
        <classes>
            <class name="com.amazon.tests.AmazonBookSearchTest"/>
        </classes>
    </test>

    <test name="FirefoxTest">
        <parameter name="browser" value="firefox"/>
        <classes>
            <class name="com.amazon.tests.AmazonBookSearchTest"/>
        </classes>
    </test>

    <test name="EdgeTest">
        <parameter name="browser" value="edge"/>
        <classes>
            <class name="com.amazon.tests.AmazonBookSearchTest"/>
        </classes>
    </test>
</suite>
